parameter,symbol,construct,value,uncertainty,units,relation,assay_method,assay_conditions,citation,doi,verified,notes
Erlotinib inhibition constant L858R,Ki_erlotinib_L858R,EGFR L858R purified kinase,4.7,2.3,nM,=,enzyme kinetics,"Cheng-Prusoff fit of erlotinib IC50 across an ATP series; 100 nM TKD, 10 mM MgCl2, 10 uM peptide substrate, 30 C; n=3 protein preparations",van Alderwerelt van Rosenburgh IK et al. Nat Commun 2022;13:6791,10.1038/s41467-022-34398-z,yes,Confirmed in Supplementary Figure 3a of the Supplementary Information (Ki = 4.7 +/- 2.3 nM)
Erlotinib inhibition constant L858R/T790M,Ki_erlotinib_L858R_T790M,EGFR L858R/T790M purified kinase,41,14,nM,=,enzyme kinetics,"Cheng-Prusoff fit of erlotinib IC50 across an ATP series; 100 nM TKD, 10 mM MgCl2, 10 uM peptide substrate, 30 C; n=3 protein preparations",van Alderwerelt van Rosenburgh IK et al. Nat Commun 2022;13:6791,10.1038/s41467-022-34398-z,yes,Confirmed in Supplementary Figure 3b (Ki = 41 +/- 14 nM); significantly higher than L858R (P = 0.011). This is the shift that carries resistance in this dataset
ATP Michaelis constant wild-type,Km_ATP_WT,EGFR wild-type purified kinase,12,3,uM,=,enzyme kinetics,purified kinase,van Alderwerelt van Rosenburgh IK et al. Nat Commun 2022;13:6791,10.1038/s41467-022-34398-z,no,"NOT IN THE SUPPLEMENTARY INFORMATION: its Supplementary Figure 3e legend says the KM,ATP values are given in Fig. 2b and Table 1 of the main article, which has not been read. Value still unchecked"
ATP Michaelis constant L858R,Km_ATP_L858R,EGFR L858R purified kinase,74,14,uM,=,enzyme kinetics,purified kinase,van Alderwerelt van Rosenburgh IK et al. Nat Commun 2022;13:6791,10.1038/s41467-022-34398-z,no,"NOT IN THE SUPPLEMENTARY INFORMATION: its Supplementary Figure 3e legend says the KM,ATP values are given in Fig. 2b and Table 1 of the main article, which has not been read. Value still unchecked"
ATP Michaelis constant L858R/T790M,Km_ATP_L858R_T790M,EGFR L858R/T790M purified kinase,45,6,uM,=,enzyme kinetics,purified kinase,van Alderwerelt van Rosenburgh IK et al. Nat Commun 2022;13:6791,10.1038/s41467-022-34398-z,no,"NOT IN THE SUPPLEMENTARY INFORMATION: its Supplementary Figure 3e legend says the KM,ATP values are given in Fig. 2b and Table 1 of the main article, which has not been read. Value still unchecked"
Erlotinib IC50 L858R,IC50_erlotinib_L858R,EGFR L858R purified kinase,75,12,nM,=,enzyme inhibition,"1 mM ATP; 100 nM TKD, 10 mM MgCl2, 10 uM peptide substrate, 30 C; n=3 protein preparations",van Alderwerelt van Rosenburgh IK et al. Nat Commun 2022;13:6791,10.1038/s41467-022-34398-z,yes,Confirmed in Supplementary Figure 2g (75 +/- 12 nM); used to test the model and not as a model input
Erlotinib IC50 L858R/T790M,IC50_erlotinib_L858R_T790M,EGFR L858R/T790M purified kinase,10000,,nM,>,enzyme inhibition,"1 mM ATP; 100 nM TKD, 10 mM MgCl2, 10 uM peptide substrate, 30 C; n=3 protein preparations",van Alderwerelt van Rosenburgh IK et al. Nat Commun 2022;13:6791,10.1038/s41467-022-34398-z,yes,"Supplementary Figure 2h reports > 10 uM, a lower bound and not a point estimate, so the measured potency shift is at least this large"
Osimertinib IC50 L858R,IC50_osimertinib_L858R,EGFR L858R purified kinase,52,2,nM,=,enzyme inhibition,"1 mM ATP; 100 nM TKD, 10 mM MgCl2, 10 uM peptide substrate, 30 C; n=3 protein preparations",van Alderwerelt van Rosenburgh IK et al. Nat Commun 2022;13:6791,10.1038/s41467-022-34398-z,yes,Confirmed in Supplementary Figure 2g (52 +/- 2 nM); osimertinib is covalent so an IC50 is time-dependent and not a Kd
Osimertinib IC50 L858R/T790M,IC50_osimertinib_L858R_T790M,EGFR L858R/T790M purified kinase,101,24,nM,=,enzyme inhibition,"1 mM ATP; 100 nM TKD, 10 mM MgCl2, 10 uM peptide substrate, 30 C; n=3 protein preparations",van Alderwerelt van Rosenburgh IK et al. Nat Commun 2022;13:6791,10.1038/s41467-022-34398-z,yes,Confirmed in Supplementary Figure 2h (101 +/- 24 nM)
Assay ATP concentration,A_assay,in vitro,1,,mM,=,,the ATP concentration of the IC50 experiments in Supplementary Figure 2,van Alderwerelt van Rosenburgh IK et al. Nat Commun 2022;13:6791,10.1038/s41467-022-34398-z,yes,Confirmed in the Supplementary Figure 2 legend (1 mM ATP)
ATP Michaelis constant wild-type (second lab),Km_ATP_WT_yun,EGFR wild-type,,,uM,=,enzyme kinetics,,Yun CH et al. PNAS 2008;105:2070-2075,10.1073/pnas.0709662105,no,TO BE FILLED from the paper; needed for the sensitivity analysis under a stronger ATP shift
ATP Michaelis constant T790M (second lab),Km_ATP_T790M_yun,EGFR T790M,,,uM,=,enzyme kinetics,,Yun CH et al. PNAS 2008;105:2070-2075,10.1073/pnas.0709662105,no,TO BE FILLED; Yun reports a much larger ATP-affinity shift than the 2022 dataset
Intracellular ATP concentration,A_cell,human cell lines,,,mM,=,,,,,no,TO BE FILLED; needed before any statement about occupancy in a cell rather than an assay
Receptor synthesis rate,ksyn,,,,molecules per cell per hour,=,,,,,no,TO BE FILLED; model 2 only
Receptor degradation rate constant,kdeg,,,,per hour,=,,,,,no,TO BE FILLED; model 2 only
Inhibitor complex loss rate constant,kint,,,,per hour,=,,,,,no,TO BE FILLED; model 3 shows the occupancy-to-signal step depends on kint/kdeg
Erlotinib steady-state plasma concentration at 150 mg daily,C_ss_erlotinib,human,,,ng/mL,=,,,,,no,TO BE FILLED; needed to judge whether a calculated dose is plausible
Erlotinib fraction unbound in plasma,fu_erlotinib,human,,,fraction,=,,,,,no,TO BE FILLED; free concentration drives occupancy and not total
